Sequence,PR2_ID,Genus
blank,blank,blank
gtcgctcctaccgattgagtgatccggtgaattattcggactgatcctactgctcgcaagggcgtacgattggaaagttttgtgaaccttatcacttagaggaaggagaagtcgtaacaaggtttcc,AY043206.1.1796_U,Goussia
gtcgctcctaccgatttcgagtggtccggtgagcctttcggactgtgacggtgctcgacaccgacgcggaaagtcaggcaaatcttactacttagaggaaggagaagtcgtaacaaggtttcc,AY143565.1.1683_U,Strombidium
gtcgcttgtagtaacgaatggtctggtgaaccttctggactgcggtagcaatactgcgggaaaataagtaaaccctaccatttggaacaacaagaagtcgtaacaaggtatct,AF364041.1.1749_U,Tetrahymena
gtcgctcctaccaatttcgagtggctcggtgaacctctttggactgtcgagcaatcgcgaaattagagtgaacctggtcacttagaggaaggaaaagtcgtaacaaggtttcc,EF094973.1.1860_U,Euplotes
gtcgcttttaccgattgagtgttcaggtgagtcttcttgatagttgcaaagctaaaaattaaacaaaccttagcacttagaggaaaaagaagtcgtaacaaggtttcc,DQ868348.1.1706_U,Vorticella
gtcgctcctaccgatcgagtgtttagatgaatttgatggacgtgaggaagtcaaataaatctgagcacttagaggaaggagaagtcgtaacaaggtttcc,JN084213.1.1502_U,Mesodinium
gtcgctcctaccgattgagtgatccggtgaattatttggaccaaggcgtcgggtcatactgactgccatgggaagttttgtgaaccttatcacttagaggaaggagaagtcgtaacaaggtttct,AF330214.1.1748_U,Colpodella
gtcgctcctaccgattgagtgatccggtgaataattcggactgccgcagtgttcagatcctgaacgttgcagtggaaagtttagtgaaccttatcacttagaggaaggagaagtcgtaacaaggtttcc,AF009216,Karenia
gtcgctcctaccgattgagtgatccggtgaataatttgggctgtagcaatgttcagttcttgaacaatgcaatggcaaatttaatgaaccttatcacttagaggaaggagaagtcgtaacaaggtttct,AY641565,Alexandrium
gtcgctcctaccgattgagtgatccggtgaattattcggactgacgcagtgctcagcttctggacgttgcgttggaaagtttcatgaaccttatcacttagaggaaggagaagtcgtaacaaggtttcc,AB016595,Symbiodinium
gtcgctcctaccgattgagtgatccggtgaataattcggactgcagcaatgtttagttcctgaacgttgccgtggaaagtctggtgaaccttatcacttagaggaaggagaagtcgtaacaaggtttcc,AB073117,Dinophysis 
GTCGCTCCTACCGATTGAGTGATCCGGTGAATTACTTGGATTGCAGCAGAGCTCAGTGTGTGAGCCTTGCTGAAGAAATGTCATGAACCTTATTACTTAGAGGAAGGAGAAGTCGTAACAAGG,FR865629,Pyrocystis
gtcgctcctaccgattgagcaaaccggtgaatagttcggaccgtcggccttctcggtttaccgcgttggcagtacggaaagtccagtgaacctttttgcttagaggaaggagaagtcgtaacaaggtttcc,AF472555.1.1812_U,Amoebophrya
gtcgctcctaccgattgagtggtccggtgaataattcggactgcaacgcaattcagttaatgagtttgttgtgggaagcttagtgaaccttatcacttagaggaaggagaagtcgtaacaaggtttcc,AY421788,Lingulodinium
gtcgctcctaccgattgagtgatccggtgaataattcggactgccgcaggtctcagttcctgagggttgcagcggaaagtttagtgaaccttatcacttagaggaaggagaagtcgtaacaaggtttcc,AY421770,Akashiwo
gtcgctcctaccgattgagtgattcggtgaataattcggagattgatttgttcagctttgcagaacatgtctttcgaagtctagtgaacctcatcacttagaggaaggagaagtcgtaacaaggtttcc,AF022200,Noctiluca
gtcgctcctaccgattgagtgatccggtgaataattcggactgcagcagcctccagttcctggcgactgcagcggaaagtttcgtgaaccttatcacttagaggaaggagaagtcgtaacaaggtttcc,AF231803,Durinskia
gtcgctcctaccgatgtttggtccggtgaaatcttaggattcgtagcatacacttgtttttgctcttttgtgaagatgagtttgctgtggagaatttgagtaaaccttgccaaatagaggaaggagaagtcgtaacaaggtatcc,AY714366.1.2088_U,Neoparamoeba
gtcgctgctaccgattggatgatccggtgaaaccctcggactggagtagttatctagcagcaatgttagatattattttgggaagttgattaaaccttatcatctagaggaagcaaaagtcgtaacaaggtttcc,AY929920.1.1953_U,Vannella
gtcgctcctaccgattgaatggtccggtgaaatctgcagatcgggtggtccacccagcaatgggcccatctgagaagttgagtaaaccatattatttagaggaaggagaagtcgtaacaaggtttcc,EU186022.1.1834_U,Flamella
gtcgttgtttccgatgatggtggaatgcaggtgatcggactggcctcggccggaaagaccaccgacatttcttcaatagaggaagcaaaagtcgtaacaaggtagca,AY425018.1.2062_U,Procryptobia
gtcgttgtttccgatgatggtgcaatacaggtgatcggaccggcgagtgtttcacttgctcgaaagttcaccgatatttcttcaatagaggaagcaaaagtcgtaacaaggtagct,DQ207575.1.2097_U ,Bodo
gtcgctcctaccgattgaatggtccggtgaaatcttcggattgctgggtagaacttcgtaagttgatctacctgcgagaagttgcttgaaccttatcatttagaggaaggagaagtcgtaacaaggtttcc,JF791030.1.1777_U,Geminigera
gtcgctcctaccgattgaatggtccggtgaaatcttcggattgctggttttggcttggcaacttgctttgactgcgaaaagttgattaaaccttatcatttagaggaaggagaagtcgtaacaaggtttcc,AJ007282.1.1761_U,Hemiselmis
gtcgctcctaccgattgaatgatccggtgaggcccccggactggggcgacgcattcggttcgccggacgcgacgctccgggaagctgtccaaaccttattatttagaggaaggagaagtcgtaacaaggtttcc,AF182115.1.1803_U,Phaeocystis
gtcgctcctaccgattgaatgatccggtgaggcccccggactgtggcaacgcagctggttcgccagccgcgatgccgcgggaagctgtccaaaccttatcattagag,HM581637.1.1797_U,Chrysochromulina
gtcgctcctaccgattgaatgatccggtgaggcccccggactgtggcaacgcagctggttcgccagccgtgatgccgcgggaagctgtccaaaccttatcatttagaggaaggagaagtcgtaacaaggtttcc,FR865770.1.1775_U,Prymnesium
gtcgctactaccgattgaatggtttagtgaggcctcgggagggctggtgcctggcgcgcgcgcaagcgtgtgtcttgccggcccgaacttggtcaaacttgatcatttagaggaagtaaaagtcgtaacaaggtttcc,AF100941.1.1978_U,Salpingoeca
gtcgctactaccgattgaatggtttagtgaggcctcgggactggcgcaagcgggtgcaagcctgttggcgccgggaacttggtcaaacttgatcatttagaggaagtaaaagtcgtaacaaggtttcc,AF084618.1.1765_U,Monosiga
gtcgctactaccgattgaatggcttagtgagctctctggactgttgtatctcgttggaaacttcgaggcacatacgggaaggagatcaaacttgatcatttagaggaagtaaaagtcgtaacaaggtttcc,AF290539.1.1815_U,Cryothecomonas
gtcgctcctgccaatggatcggctggagagagcgagagatcgaccagggtaacaccctcgcgttgtagacctccctcgatccgtcagtatctaaaggaaggagaagtcgtaacaaggtttcc,AF054832.1.1762_U,Bigelowiella 
gtcgctactaccgattgaatcatttggtgaggtccacggactgttgtgcggcttggcttgccaagacgtacttcctgggaagtggcacgaacctgatgatttagaggaagtaaaagtcgtaacaaggtttcc,JF826444.1.1746_U,Lotharella
gtcgctactaccgattgaatcatttggtgaggtccacggactgtcgtactctcttcctcgtgttgattgtacttcttgggaagtggcacgaacctgatgatttagaggaagtaaaagtcgtaacaaggtttcc,X70809.1.1793_U,Chlorarachnion
gtcgctcttaccgatggctttggctgcgagtaaaagggactttcgttttggaactttgtcgaacagatggggctaaaggaaagagaagtcgtaacaaggcatca,Z83966.1.1003_U,Globigerinoides
gtcgcacctaccgattggatggtccggtgaagccctcggatcggccttgacctccggtgataggacgagaagtaggctaaaccttaccatctagaggaaggtgaagtcgtaacaaggtttcc,AF174364.1.1695_U,Cafeteria
gtcgcacctaccgattgaatggttcggtgaaaatctcggactgcggcttggatgccttcgggcaaccaggctgtggaaagttgtttaaacctcatcatttagaggaaggtgaagtcgtaacaaggtttcc,AF174376.1.1735_U,Paraphysomonas
gtcgcacctaccgattgaatgattcggtgaaactttcggaccgcagccaggatgcctctggcaacttggcagtgggaagttatttaaacctcatcatttagaggaaggtgaagtcgtaacaaggtttcc,EF165139.1.1755_U,Ochromonas
gtcgcacctaccgattgagtggtccggtgaagtctcgagattgtggcaatctcctttattggagtttgactgcgagaacttgcctaaaccttatcacttagaggaaggtgaagtcgtaacaaggtttcc,AF145226.1.1782_U,Chaetoceros 
gtcgcacctaccgattgaatggtccggtgaagactcgagattttggtctagctcctttattggggcttgaccgcgagaacctgtctaaaccttatcatttagaggaaggtgaagtcgtaacaaggtttcc,X85394.1.1798_U,Skeletonema
gtcgcacctaccgattgaatggtccggtgaagactcgggattgtggcttagttgcttaattgtgattagaccgtaagaacctgtctaaaccttatcatttagaggaag,JQ782059.1.1799_U,Thalassiosira
gtcgcacctaccgattgaatggtccggtgaagcctcgggattgtggttagtttcctttattggaagttagtcgcgagaacttgtctaaaccttatcatttagaggaaggtgaagtcgtaacaaggtttcc,EF140623.1.1779_U,Fragilariopsis
gtcgcacctaccgattgaatggtccggtgaagcctcgggattgcggtttagttcctttattggtacttgactgtgagaacttgtctaaaccttatcatttagaggaaggtgaagtcgtaacaaggtttcc,EF585584.1.1758_U,Eucampia
gtcgcacctaccgattgaatggctcggtgaggcctcaggattttggtctaacaccttaaccggagtttgattagaagaatctgtccaaacctcgtcatttagaggaaggtgaagtcgtaacaaggttacc,AB096710.1.1762_U,Dictyocha
gtcgcacctaccgattgaatgattcggtgaagctttcggattacgccatcagcctcggccgacggcgtgagaagttatctaaacctcatcatttagaggaaggtgaagtcgtaacaaggtttcc,AF045050.1.1790_U,Nannochloropsis
gtcgcacctaccgattgaatggtccgatgaaatcatgggatctgacggcttttgctttattgtgagtgctgttggagaactcgagtgaatcttactatttagaggaaggtgaagtcgtaacaaggtttcc,FJ821495.1.1785_U ,Thraustochytrium
gtcgcacctaccgattgaatggtccggtgaaatcttcggattgagactttgatttcttcacggaaaacgctgttttaagaagttgattaaaccttaccatttagaggaaggtgaagtcgtaacaaggtttcc,DQ103805.1.1793_U,Aplanochytrium
gtcgcwcctaccgattgaacgattcggtgaaatcctcggactttagcacgcaagcctcacggcgaacgtgccgagggaagttgattaaacctcatcgtttagaggaaggtgaagtcgtaacaaggtttcc,U40258.1.2236_U,Aureoumbra
gtcgcacctaccgattgaatggttcggtgaaacctccggactggggttcgcaagcttcacggcgaacgtacctcgggaagttggttaaacctcactatttagaggaaggtgaagtcgtaacaaggtctcc,AF118443.1.1814_U ,Aureococcus
gtcgctcctaccgattgaatggtccggtgaagcgttcggactatgactctctgacggttcgccgtctaagtgtcgtgggaagttcgttgaaccttatcatttagaggaaggagaagtcgtaacaaggtttcc,FR874328.1.1775_U,Bathycoccus
gtcactcctaccgattgaatggtccggtgaagcgtttggactatggttttctgacggttcgccattggattaccgtgggaaattcgttaaaccttatcatttagaggaaggagaagtcgtaacaaggtttcc,AF525848.1.1766_U,Ostreococcus 
gtcgctcctaccgattgaatggtccggtgaagcgctcggaccgcggcctcttgacgggtctccgtcgattggctgtgggaagttcgttaaaccttatcatttagaggaaggagaagtcgtaacaaggtttcc,AF525856.1.1777_U,Micromonas
gtcgctcctaccgattgaatggtccggtgaaaatttcggatagtggcgatgctggcggttcgccgccggcgctgccgctagaagatctttaaaccttatcatttagaggaaggagaagtcgtaacaaggtttcc,AB058379.1.1747_U,Prasinoderma
gtcgctcctaccgattgaatggtccggtgaagtgttcggatagcggcaaggcggacggttcgccgtcagcttcgcggctagaagttcattaaaccttatcatttagaggaaggagaagtcgtaacaaggtttcc,AB017126.1.1758_U,Cymbomonas
gtcgctcctaccgattgggtgtgctggtgaagtgttcggattggtttcaattgatggcaacatcggtcgttactgagaagaacattaaaccctcccacctagaggaaggagaagtcgtaacaaggtttcc,AB058371.1.1748_U,Chlamydomonas
